run,baseline,heuristic,rl
1,3.806656992299773e-05,4.096111979497413e-05,4.702064464191944e-05
2,4.567786036511418e-05,4.528799755343808e-05,4.804534185655194e-05
3,4.408529953118428e-05,4.516110420030697e-05,4.359488751319904e-05
4,4.6628659805556296e-05,4.5768019511615095e-05,4.631768833063519e-05
5,4.562794691211152e-05,4.315519257496756e-05,3.596931872983826e-05
